X,Y,Secondary
80,80,3940
240,80,4410
400,80,4058
560,80,4960
720,80,5250
880,80,5337
1040,80,4949
1200,80,5396
1360,80,5406
1520,80,5876
1680,80,6930
1840,80,7817
2000,80,7126
2160,80,6011
2320,80,4874
2480,80,5079
2640,80,4918
2800,80,4877
2960,80,4432
3120,80,5474
3280,80,6060
3440,80,6163
3600,80,5377
3760,80,4902
3920,80,4066
4080,80,4284
4240,80,4965
4400,80,5648
4560,80,6037
4720,80,7092
4880,80,4852
5040,80,5863
5200,80,5163
5360,80,4979
5520,80,5177
5680,80,3550
5840,80,3202
6000,80,4683
6160,80,3852
6320,80,3966
6480,80,4907
6640,80,5176
6800,80,6286
6960,80,4325
7120,80,4919
7280,80,5535
7440,80,4986
7600,80,5374
7760,80,3524
7920,80,5398
8080,80,8121
8240,80,7593
8400,80,6018
8560,80,5922
8720,80,6772
8880,80,6416
9040,80,6706
9200,80,6593
9360,80,6042
9520,80,7394
9680,80,6719
9840,80,6471
10000,80,4649
80,240,4069
240,240,5161
400,240,5562
560,240,5358
720,240,6289
880,240,6218
1040,240,6236
1200,240,5485
1360,240,5191
1520,240,5241
1680,240,6884
1840,240,8104
2000,240,6521
2160,240,5700
2320,240,2785
2480,240,4381
2640,240,3555
2800,240,3997
2960,240,4532
3120,240,5725
3280,240,4754
3440,240,6101
3600,240,5253
3760,240,5611
3920,240,4900
4080,240,4559
4240,240,3693
4400,240,5166
4560,240,5782
4720,240,5307
4880,240,4526
5040,240,4492
5200,240,7187
5360,240,5680
5520,240,5196
5680,240,4110
5840,240,4059
6000,240,4549
6160,240,3953
6320,240,3707
6480,240,5841
6640,240,5719
6800,240,5729
6960,240,3401
7120,240,3875
7280,240,4483
7440,240,4073
7600,240,4866
7760,240,3962
7920,240,5559
8080,240,8869
8240,240,8623
8400,240,6615
8560,240,5361
8720,240,5956
8880,240,6552
9040,240,6678
9200,240,6652
9360,240,6567
9520,240,7747
9680,240,7528
9840,240,7352
10000,240,5994
80,400,5290
240,400,4889
400,400,5950
560,400,6174
720,400,6648
880,400,6308
1040,400,5389
1200,400,4857
1360,400,4832
1520,400,4905
1680,400,6069
1840,400,7049
2000,400,6323
2160,400,4641
2320,400,2743
2480,400,3316
2640,400,3651
2800,400,4061
2960,400,4641
3120,400,5181
3280,400,4936
3440,400,6112
3600,400,4442
3760,400,4105
3920,400,4685
4080,400,3902
4240,400,3454
4400,400,4042
4560,400,4896
4720,400,4686
4880,400,4498
5040,400,4073
5200,400,5229
5360,400,5316
5520,400,4994
5680,400,4762
5840,400,4843
6000,400,5078
6160,400,4381
6320,400,4044
6480,400,5705
6640,400,5658
6800,400,4874
6960,400,5131
7120,400,4558
7280,400,3568
7440,400,4408
7600,400,4313
7760,400,4631
7920,400,5965
8080,400,9205
8240,400,9590
8400,400,7730
8560,400,5776
8720,400,5923
8880,400,5591
9040,400,5575
9200,400,5579
9360,400,6572
9520,400,7307
9680,400,7013
9840,400,6688
10000,400,6733
80,560,4674
240,560,4673
400,560,5431
560,560,6962
720,560,6549
880,560,5662
1040,560,5113
1200,560,5183
1360,560,5813
1520,560,6983
1680,560,6068
1840,560,6539
2000,560,6405
2160,560,5093
2320,560,3218
2480,560,2981
2640,560,3904
2800,560,4370
2960,560,5123
3120,560,4353
3280,560,5012
3440,560,5091
3600,560,4245
3760,560,4197
3920,560,3628
4080,560,3228
4240,560,3442
4400,560,4098
4560,560,4007
4720,560,4052
4880,560,5157
5040,560,4557
5200,560,5088
5360,560,5297
5520,560,5029
5680,560,5379
5840,560,4665
6000,560,5154
6160,560,4890
6320,560,5103
6480,560,5843
6640,560,5482
6800,560,4055
6960,560,5276
7120,560,4411
7280,560,3242
7440,560,3508
7600,560,4781
7760,560,5518
7920,560,6673
8080,560,9656
8240,560,9129
8400,560,8219
8560,560,5340
8720,560,5607
8880,560,4915
9040,560,4915
9200,560,5421
9360,560,5250
9520,560,7334
9680,560,6444
9840,560,6999
10000,560,7344
80,720,4486
240,720,3849
400,720,5065
560,720,6190
720,720,5807
880,720,5790
1040,720,5190
1200,720,4971
1360,720,6564
1520,720,7045
1680,720,6782
1840,720,5079
2000,720,6225
2160,720,5470
2320,720,3027
2480,720,3573
2640,720,4252
2800,720,5191
2960,720,4621
3120,720,4626
3280,720,5512
3440,720,5490
3600,720,4946
3760,720,3777
3920,720,4649
4080,720,3686
4240,720,4292
4400,720,3855
4560,720,4246
4720,720,4435
4880,720,5616
5040,720,6300
5200,720,6123
5360,720,6042
5520,720,5949
5680,720,5361
5840,720,4141
6000,720,5659
6160,720,5837
6320,720,5035
6480,720,4896
6640,720,4726
6800,720,3610
6960,720,4615
7120,720,4783
7280,720,4471
7440,720,4065
7600,720,4688
7760,720,4746
7920,720,7501
8080,720,7732
8240,720,7321
8400,720,6905
8560,720,4477
8720,720,4320
8880,720,4410
9040,720,4568
9200,720,4295
9360,720,6269
9520,720,5643
9680,720,4803
9840,720,5449
10000,720,5389
80,880,5430
240,880,4879
400,880,5683
560,880,5466
720,880,6570
880,880,6603
1040,880,4719
1200,880,5314
1360,880,5502
1520,880,6171
1680,880,5531
1840,880,4651
2000,880,4587
2160,880,4160
2320,880,4809
2480,880,4438
2640,880,3578
2800,880,5189
2960,880,5180
3120,880,5256
3280,880,6491
3440,880,6714
3600,880,5999
3760,880,4537
3920,880,4855
4080,880,4780
4240,880,4694
4400,880,4990
4560,880,4506
4720,880,3931
4880,880,4709
5040,880,7171
5200,880,7262
5360,880,7066
5520,880,6454
5680,880,5350
5840,880,6265
6000,880,5937
6160,880,6281
6320,880,5246
6480,880,4459
6640,880,4959
6800,880,4675
6960,880,4894
7120,880,4447
7280,880,4870
7440,880,3733
7600,880,4000
7760,880,3361
7920,880,6221
8080,880,6569
8240,880,5934
8400,880,3585
8560,880,2443
8720,880,3077
8880,880,4043
9040,880,4136
9200,880,3747
9360,880,3377
9520,880,4049
9680,880,2861
9840,880,3513
10000,880,3052
80,1040,5499
240,1040,5516
400,1040,5752
560,1040,5413
720,1040,5617
880,1040,5319
1040,1040,4678
1200,1040,5809
1360,1040,4715
1520,1040,5569
1680,1040,5431
1840,1040,4596
2000,1040,4874
2160,1040,4173
2320,1040,4685
2480,1040,5580
2640,1040,5165
2800,1040,4518
2960,1040,5263
3120,1040,5531
3280,1040,7009
3440,1040,7246
3600,1040,6683
3760,1040,5029
3920,1040,5715
4080,1040,5508
4240,1040,4905
4400,1040,5705
4560,1040,5215
4720,1040,4060
4880,1040,4838
5040,1040,6535
5200,1040,6630
5360,1040,6868
5520,1040,5406
5680,1040,4099
5840,1040,5315
6000,1040,5847
6160,1040,4883
6320,1040,6497
6480,1040,5415
6640,1040,5105
6800,1040,5857
6960,1040,5448
7120,1040,3979
7280,1040,4713
7440,1040,4376
7600,1040,3661
7760,1040,2300
7920,1040,2839
8080,1040,3869
8240,1040,3838
8400,1040,1730
8560,1040,1848
8720,1040,2407
8880,1040,3468
9040,1040,3307
9200,1040,2237
9360,1040,2114
9520,1040,2550
9680,1040,2208
9840,1040,2688
10000,1040,2355
80,1200,5604
240,1200,5441
400,1200,5970
560,1200,4694
720,1200,4534
880,1200,5506
1040,1200,5617
1200,1200,6769
1360,1200,5956
1520,1200,6058
1680,1200,6870
1840,1200,6785
2000,1200,6533
2160,1200,4934
2320,1200,4929
2480,1200,5487
2640,1200,5659
2800,1200,5867
2960,1200,5561
3120,1200,6220
3280,1200,6460
3440,1200,6654
3600,1200,6341
3760,1200,5520
3920,1200,5733
4080,1200,5671
4240,1200,6374
4400,1200,4597
4560,1200,5224
4720,1200,4368
4880,1200,5354
5040,1200,6337
5200,1200,6525
5360,1200,5971
5520,1200,4949
5680,1200,4081
5840,1200,6374
6000,1200,4677
6160,1200,5151
6320,1200,7196
6480,1200,6562
6640,1200,4663
6800,1200,4758
6960,1200,6703
7120,1200,3997
7280,1200,4422
7440,1200,4976
7600,1200,4823
7760,1200,2781
7920,1200,2415
8080,1200,3382
8240,1200,4292
8400,1200,3005
8560,1200,1848
8720,1200,2807
8880,1200,2829
9040,1200,3046
9200,1200,2521
9360,1200,3065
9520,1200,2774
9680,1200,2794
9840,1200,3090
10000,1200,3658
80,1360,5529
240,1360,5716
400,1360,5207
560,1360,4132
720,1360,4295
880,1360,5705
1040,1360,6074
1200,1360,5492
1360,1360,5022
1520,1360,6200
1680,1360,6808
1840,1360,6167
2000,1360,6144
2160,1360,5568
2320,1360,5461
2480,1360,4861
2640,1360,6416
2800,1360,7140
2960,1360,6340
3120,1360,6265
3280,1360,5520
3440,1360,6297
3600,1360,5837
3760,1360,5104
3920,1360,5102
4080,1360,5296
4240,1360,5940
4400,1360,5272
4560,1360,5272
4720,1360,5466
4880,1360,5496
5040,1360,7385
5200,1360,5792
5360,1360,6257
5520,1360,6375
5680,1360,5549
5840,1360,6102
6000,1360,4878
6160,1360,6492
6320,1360,8198
6480,1360,6576
6640,1360,6070
6800,1360,4685
6960,1360,5286
7120,1360,3419
7280,1360,4939
7440,1360,5691
7600,1360,4171
7760,1360,3818
7920,1360,2578
8080,1360,3262
8240,1360,4358
8400,1360,3690
8560,1360,2565
8720,1360,2701
8880,1360,3803
9040,1360,4272
9200,1360,2933
9360,1360,3799
9520,1360,4186
9680,1360,4380
9840,1360,4065
10000,1360,4076
80,1520,4573
240,1520,4584
400,1520,5236
560,1520,4526
720,1520,4721
880,1520,5822
1040,1520,6467
1200,1520,6104
1360,1520,5212
1520,1520,5466
1680,1520,6990
1840,1520,6696
2000,1520,6676
2160,1520,4961
2320,1520,4457
2480,1520,6402
2640,1520,6938
2800,1520,6645
2960,1520,5687
3120,1520,5961
3280,1520,5064
3440,1520,5849
3600,1520,5463
3760,1520,5411
3920,1520,5411
4080,1520,5225
4240,1520,5809
4400,1520,5603
4560,1520,5711
4720,1520,5046
4880,1520,5341
5040,1520,6486
5200,1520,6182
5360,1520,6579
5520,1520,5316
5680,1520,5352
5840,1520,6332
6000,1520,7288
6160,1520,8047
6320,1520,7347
6480,1520,5555
6640,1520,6076
6800,1520,4377
6960,1520,3968
7120,1520,2612
7280,1520,4562
7440,1520,5796
7600,1520,3632
7760,1520,4367
7920,1520,2920
8080,1520,4675
8240,1520,3797
8400,1520,4360
8560,1520,3490
8720,1520,3748
8880,1520,4563
9040,1520,4874
9200,1520,4160
9360,1520,4685
9520,1520,4317
9680,1520,3946
9840,1520,4009
10000,1520,4649
80,1680,5365
240,1680,5376
400,1680,4823
560,1680,5928
720,1680,5894
880,1680,6667
1040,1680,6641
1200,1680,6669
1360,1680,5496
1520,1680,6259
1680,1680,5030
1840,1680,4168
2000,1680,5283
2160,1680,4594
2320,1680,5350
2480,1680,5597
2640,1680,6604
2800,1680,6488
2960,1680,5533
3120,1680,4555
3280,1680,5375
3440,1680,5861
3600,1680,5159
3760,1680,4710
3920,1680,4372
4080,1680,4704
4240,1680,4923
4400,1680,5204
4560,1680,4919
4720,1680,5450
4880,1680,6046
5040,1680,6548
5200,1680,6108
5360,1680,6538
5520,1680,5786
5680,1680,4483
5840,1680,5467
6000,1680,5354
6160,1680,6276
6320,1680,5558
6480,1680,4477
6640,1680,4988
6800,1680,4385
6960,1680,4242
7120,1680,2302
7280,1680,3734
7440,1680,5512
7600,1680,3634
7760,1680,3659
7920,1680,4374
8080,1680,3769
8240,1680,4577
8400,1680,4709
8560,1680,3719
8720,1680,4207
8880,1680,5455
9040,1680,5249
9200,1680,3772
9360,1680,2942
9520,1680,4028
9680,1680,3534
9840,1680,2872
10000,1680,2971
80,1840,4937
240,1840,4732
400,1840,5424
560,1840,5273
720,1840,6388
880,1840,6922
1040,1840,6904
1200,1840,7170
1360,1840,6238
1520,1840,5071
1680,1840,4852
1840,1840,4311
2000,1840,3504
2160,1840,3979
2320,1840,5236
2480,1840,5244
2640,1840,6340
2800,1840,4617
2960,1840,4466
3120,1840,5542
3280,1840,5521
3440,1840,5624
3600,1840,4818
3760,1840,4000
3920,1840,4465
4080,1840,4011
4240,1840,3766
4400,1840,4663
4560,1840,3971
4720,1840,4297
4880,1840,6562
5040,1840,5773
5200,1840,5335
5360,1840,5305
5520,1840,6251
5680,1840,4807
5840,1840,5530
6000,1840,5991
6160,1840,4942
6320,1840,5052
6480,1840,3898
6640,1840,4026
6800,1840,2753
6960,1840,3556
7120,1840,2945
7280,1840,4403
7440,1840,4945
7600,1840,4729
7760,1840,4072
7920,1840,3400
8080,1840,3561
8240,1840,4821
8400,1840,4970
8560,1840,3431
8720,1840,2803
8880,1840,4363
9040,1840,3390
9200,1840,4110
9360,1840,2881
9520,1840,3107
9680,1840,3169
9840,1840,3268
10000,1840,3084
80,2000,5260
240,2000,4739
400,2000,5556
560,2000,6266
720,2000,6369
880,2000,5909
1040,2000,6188
1200,2000,6838
1360,2000,5893
1520,2000,4323
1680,2000,4919
1840,2000,4009
2000,2000,4379
2160,2000,4160
2320,2000,4701
2480,2000,4315
2640,2000,6236
2800,2000,5140
2960,2000,5583
3120,2000,6454
3280,2000,5582
3440,2000,5822
3600,2000,4403
3760,2000,5697
3920,2000,6118
4080,2000,4474
4240,2000,3751
4400,2000,4497
4560,2000,4445
4720,2000,4871
4880,2000,4993
5040,2000,5177
5200,2000,4439
5360,2000,4089
5520,2000,4865
5680,2000,5188
5840,2000,4590
6000,2000,3675
6160,2000,3053
6320,2000,3395
6480,2000,2698
6640,2000,3956
6800,2000,3818
6960,2000,3363
7120,2000,2693
7280,2000,4491
7440,2000,5211
7600,2000,3783
7760,2000,3729
7920,2000,3490
8080,2000,5243
8240,2000,5848
8400,2000,4739
8560,2000,3578
8720,2000,4046
8880,2000,3614
9040,2000,4086
9200,2000,3438
9360,2000,2483
9520,2000,2772
9680,2000,3885
9840,2000,4054
10000,2000,3297
80,2160,4800
240,2160,4709
400,2160,5623
560,2160,5531
720,2160,5224
880,2160,5808
1040,2160,5120
1200,2160,5616
1360,2160,4637
1520,2160,4088
1680,2160,4530
1840,2160,4743
2000,2160,5963
2160,2160,5555
2320,2160,4496
2480,2160,5797
2640,2160,6610
2800,2160,7096
2960,2160,6310
3120,2160,5848
3280,2160,6288
3440,2160,5644
3600,2160,3766
3760,2160,4841
3920,2160,6821
4080,2160,5613
4240,2160,4287
4400,2160,4750
4560,2160,4704
4720,2160,5004
4880,2160,4599
5040,2160,4233
5200,2160,3511
5360,2160,3019
5520,2160,3947
5680,2160,4475
5840,2160,4690
6000,2160,3834
6160,2160,2802
6320,2160,2407
6480,2160,2566
6640,2160,3251
6800,2160,4286
6960,2160,4025
7120,2160,3996
7280,2160,4010
7440,2160,4311
7600,2160,4259
7760,2160,4253
7920,2160,2143
8080,2160,4777
8240,2160,5784
8400,2160,5044
8560,2160,3771
8720,2160,3167
8880,2160,4477
9040,2160,4595
9200,2160,3662
9360,2160,2898
9520,2160,3468
9680,2160,4151
9840,2160,3672
10000,2160,3477
80,2320,4579
240,2320,4622
400,2320,4926
560,2320,4759
720,2320,5602
880,2320,5345
1040,2320,5183
1200,2320,4409
1360,2320,4048
1520,2320,4093
1680,2320,4340
1840,2320,4798
2000,2320,5227
2160,2320,5664
2320,2320,6192
2480,2320,6425
2640,2320,6979
2800,2320,6278
2960,2320,5568
3120,2320,4297
3280,2320,5515
3440,2320,4121
3600,2320,3270
3760,2320,4596
3920,2320,4939
4080,2320,4687
4240,2320,3193
4400,2320,4821
4560,2320,4526
4720,2320,4425
4880,2320,4705
5040,2320,5528
5200,2320,3900
5360,2320,2546
5520,2320,2607
5680,2320,5130
5840,2320,4336
6000,2320,5340
6160,2320,3461
6320,2320,3495
6480,2320,2753
6640,2320,4283
6800,2320,4373
6960,2320,4972
7120,2320,4719
7280,2320,5061
7440,2320,4932
7600,2320,4718
7760,2320,3245
7920,2320,3792
8080,2320,5530
8240,2320,6271
8400,2320,5704
8560,2320,3609
8720,2320,2639
8880,2320,3133
9040,2320,4203
9200,2320,3334
9360,2320,3102
9520,2320,3440
9680,2320,4280
9840,2320,3924
10000,2320,3433
80,2480,4943
240,2480,4773
400,2480,5386
560,2480,4981
720,2480,5123
880,2480,5567
1040,2480,5503
1200,2480,4573
1360,2480,4298
1520,2480,4468
1680,2480,4355
1840,2480,5087
2000,2480,5375
2160,2480,6066
2320,2480,5225
2480,2480,6491
2640,2480,6338
2800,2480,6064
2960,2480,5597
3120,2480,4775
3280,2480,4682
3440,2480,3537
3600,2480,3412
3760,2480,4545
3920,2480,4268
4080,2480,4976
4240,2480,3979
4400,2480,4680
4560,2480,5125
4720,2480,4613
4880,2480,4922
5040,2480,5026
5200,2480,5877
5360,2480,3799
5520,2480,4828
5680,2480,5645
5840,2480,5236
6000,2480,6584
6160,2480,5842
6320,2480,6013
6480,2480,4818
6640,2480,4625
6800,2480,4471
6960,2480,3537
7120,2480,4244
7280,2480,4655
7440,2480,4551
7600,2480,4975
7760,2480,5138
7920,2480,5256
8080,2480,5502
8240,2480,6381
8400,2480,4698
8560,2480,3978
8720,2480,2484
8880,2480,2550
9040,2480,3575
9200,2480,3343
9360,2480,3563
9520,2480,4142
9680,2480,4873
9840,2480,3575
10000,2480,3914
80,2640,5950
240,2640,6179
400,2640,6774
560,2640,5593
720,2640,5848
880,2640,6195
1040,2640,5526
1200,2640,4481
1360,2640,5033
1520,2640,4676
1680,2640,4937
1840,2640,4865
2000,2640,4939
2160,2640,5628
2320,2640,6161
2480,2640,7394
2640,2640,6293
2800,2640,5975
2960,2640,5561
3120,2640,5115
3280,2640,5453
3440,2640,4840
3600,2640,5015
3760,2640,3790
3920,2640,4070
4080,2640,3773
4240,2640,3579
4400,2640,6026
4560,2640,5208
4720,2640,3844
4880,2640,4146
5040,2640,4389
5200,2640,5765
5360,2640,5473
5520,2640,6053
5680,2640,6272
5840,2640,5240
6000,2640,6168
6160,2640,5549
6320,2640,5623
6480,2640,5554
6640,2640,5573
6800,2640,4695
6960,2640,5432
7120,2640,4769
7280,2640,4576
7440,2640,5181
7600,2640,6027
7760,2640,4143
7920,2640,5437
8080,2640,5782
8240,2640,5492
8400,2640,5198
8560,2640,4069
8720,2640,3143
8880,2640,4006
9040,2640,4151
9200,2640,3664
9360,2640,2998
9520,2640,4609
9680,2640,5530
9840,2640,4813
10000,2640,4541
80,2800,5478
240,2800,7409
400,2800,6408
560,2800,6148
720,2800,6810
880,2800,6223
1040,2800,5566
1200,2800,4394
1360,2800,5683
1520,2800,6041
1680,2800,5079
1840,2800,5996
2000,2800,6021
2160,2800,7192
2320,2800,5872
2480,2800,7281
2640,2800,6556
2800,2800,4926
2960,2800,4398
3120,2800,4860
3280,2800,6263
3440,2800,5423
3600,2800,6026
3760,2800,4029
3920,2800,5002
4080,2800,6566
4240,2800,3710
4400,2800,4802
4560,2800,4849
4720,2800,4304
4880,2800,4674
5040,2800,4883
5200,2800,4161
5360,2800,6101
5520,2800,7429
5680,2800,6434
5840,2800,4579
6000,2800,5570
6160,2800,6000
6320,2800,6662
6480,2800,5967
6640,2800,4097
6800,2800,4063
6960,2800,4774
7120,2800,5191
7280,2800,4324
7440,2800,4934
7600,2800,4854
7760,2800,5134
7920,2800,5558
8080,2800,5008
8240,2800,5778
8400,2800,4471
8560,2800,4214
8720,2800,3284
8880,2800,4165
9040,2800,3853
9200,2800,2898
9360,2800,3197
9520,2800,3223
9680,2800,3192
9840,2800,4855
10000,2800,3404
80,2960,6463
240,2960,8470
400,2960,7197
560,2960,6641
720,2960,7024
880,2960,8071
1040,2960,6554
1200,2960,4741
1360,2960,7568
1520,2960,6934
1680,2960,7292
1840,2960,7383
2000,2960,7432
2160,2960,7646
2320,2960,6057
2480,2960,6394
2640,2960,6054
2800,2960,4154
2960,2960,5478
3120,2960,5303
3280,2960,6076
3440,2960,5796
3600,2960,5804
3760,2960,4144
3920,2960,6278
4080,2960,6093
4240,2960,2756
4400,2960,3368
4560,2960,4518
4720,2960,2893
4880,2960,4041
5040,2960,3690
5200,2960,4315
5360,2960,5434
5520,2960,6985
5680,2960,6899
5840,2960,5635
6000,2960,5923
6160,2960,6677
6320,2960,7299
6480,2960,5281
6640,2960,3968
6800,2960,4545
6960,2960,4706
7120,2960,4950
7280,2960,3870
7440,2960,3557
7600,2960,4072
7760,2960,2860
7920,2960,4757
8080,2960,4342
8240,2960,5024
8400,2960,5002
8560,2960,4946
8720,2960,3143
8880,2960,3449
9040,2960,3928
9200,2960,4370
9360,2960,4037
9520,2960,4530
9680,2960,4107
9840,2960,4446
10000,2960,3494
80,3120,6195
240,3120,8601
400,3120,7543
560,3120,6506
720,3120,7107
880,3120,8129
1040,3120,6487
1200,3120,6529
1360,3120,8718
1520,3120,9259
1680,3120,8439
1840,3120,7355
2000,3120,6239
2160,3120,5338
2320,3120,4421
2480,3120,5580
2640,3120,5990
2800,3120,5996
2960,3120,6066
3120,3120,4866
3280,3120,6271
3440,3120,6559
3600,3120,5118
3760,3120,5266
3920,3120,6247
4080,3120,6259
4240,3120,3278
4400,3120,2839
4560,3120,4125
4720,3120,3714
4880,3120,6078
5040,3120,5644
5200,3120,6888
5360,3120,8153
5520,3120,8710
5680,3120,8008
5840,3120,5442
6000,3120,5206
6160,3120,5170
6320,3120,5263
6480,3120,4474
6640,3120,4291
6800,3120,3904
6960,3120,3899
7120,3120,4002
7280,3120,3945
7440,3120,4291
7600,3120,3248
7760,3120,3107
7920,3120,3315
8080,3120,3278
8240,3120,4641
8400,3120,5272
8560,3120,3962
8720,3120,3117
8880,3120,3255
9040,3120,3247
9200,3120,4799
9360,3120,4863
9520,3120,4852
9680,3120,5368
9840,3120,5749
10000,3120,4668
80,3280,6041
240,3280,8605
400,3280,6813
560,3280,6496
720,3280,7072
880,3280,6442
1040,3280,6101
1200,3280,6449
1360,3280,9828
1520,3280,9531
1680,3280,7948
1840,3280,6326
2000,3280,5380
2160,3280,4476
2320,3280,3899
2480,3280,5643
2640,3280,6946
2800,3280,6619
2960,3280,5712
3120,3280,5076
3280,3280,6616
3440,3280,7260
3600,3280,5990
3760,3280,6062
3920,3280,5438
4080,3280,5478
4240,3280,5475
4400,3280,4871
4560,3280,6259
4720,3280,5522
4880,3280,6443
5040,3280,6549
5200,3280,8165
5360,3280,7391
5520,3280,5896
5680,3280,5710
5840,3280,4851
6000,3280,5090
6160,3280,4564
6320,3280,3894
6480,3280,2873
6640,3280,2941
6800,3280,3057
6960,3280,3543
7120,3280,3854
7280,3280,4249
7440,3280,3648
7600,3280,3980
7760,3280,2613
7920,3280,3396
8080,3280,3436
8240,3280,7161
8400,3280,6391
8560,3280,3943
8720,3280,3449
8880,3280,4228
9040,3280,3653
9200,3280,3788
9360,3280,3984
9520,3280,4199
9680,3280,6949
9840,3280,6330
10000,3280,5431
80,3440,6229
240,3440,7329
400,3440,6243
560,3440,6354
720,3440,7341
880,3440,6814
1040,3440,6453
1200,3440,8110
1360,3440,9820
1520,3440,10497
1680,3440,9103
1840,3440,6148
2000,3440,4268
2160,3440,4610
2320,3440,3141
2480,3440,4237
2640,3440,5636
2800,3440,6159
2960,3440,6522
3120,3440,6929
3280,3440,6818
3440,3440,6461
3600,3440,5453
3760,3440,4654
3920,3440,5083
4080,3440,4911
4240,3440,6060
4400,3440,7415
4560,3440,7303
4720,3440,7689
4880,3440,7216
5040,3440,6942
5200,3440,8413
5360,3440,7963
5520,3440,6503
5680,3440,6332
5840,3440,7336
6000,3440,6461
6160,3440,4003
6320,3440,4252
6480,3440,2325
6640,3440,2320
6800,3440,2879
6960,3440,2867
7120,3440,3721
7280,3440,4909
7440,3440,3658
7600,3440,3360
7760,3440,4037
7920,3440,3649
8080,3440,4899
8240,3440,7274
8400,3440,7661
8560,3440,5413
8720,3440,3977
8880,3440,3459
9040,3440,5412
9200,3440,4435
9360,3440,3668
9520,3440,4585
9680,3440,6309
9840,3440,6331
10000,3440,5363
80,3600,5774
240,3600,6101
400,3600,5947
560,3600,5780
720,3600,7701
880,3600,6219
1040,3600,6267
1200,3600,7102
1360,3600,8807
1520,3600,8731
1680,3600,7094
1840,3600,6227
2000,3600,4027
2160,3600,4209
2320,3600,2547
2480,3600,5106
2640,3600,5952
2800,3600,6402
2960,3600,7413
3120,3600,7411
3280,3600,7780
3440,3600,6985
3600,3600,5104
3760,3600,5122
3920,3600,5587
4080,3600,7866
4240,3600,7804
4400,3600,7467
4560,3600,8922
4720,3600,6745
4880,3600,6824
5040,3600,7587
5200,3600,6746
5360,3600,7598
5520,3600,5322
5680,3600,5088
5840,3600,6949
6000,3600,5403
6160,3600,3622
6320,3600,5203
6480,3600,3898
6640,3600,3770
6800,3600,4025
6960,3600,4074
7120,3600,4848
7280,3600,5975
7440,3600,5173
7600,3600,3364
7760,3600,5142
7920,3600,4452
8080,3600,5355
8240,3600,7880
8400,3600,7919
8560,3600,6999
8720,3600,4949
8880,3600,4805
9040,3600,4910
9200,3600,7231
9360,3600,6476
9520,3600,6239
9680,3600,6100
9840,3600,6171
10000,3600,7417
80,3760,4942
240,3760,5216
400,3760,5089
560,3760,6399
720,3760,7777
880,3760,7313
1040,3760,6299
1200,3760,8159
1360,3760,8832
1520,3760,9180
1680,3760,7163
1840,3760,5104
2000,3760,3955
2160,3760,4451
2320,3760,2956
2480,3760,5140
2640,3760,7011
2800,3760,7761
2960,3760,7477
3120,3760,7459
3280,3760,8339
3440,3760,7659
3600,3760,6612
3760,3760,5457
3920,3760,5469
4080,3760,6927
4240,3760,7169
4400,3760,7458
4560,3760,6476
4720,3760,6625
4880,3760,7808
5040,3760,8681
5200,3760,6281
5360,3760,6617
5520,3760,5390
5680,3760,4776
5840,3760,5155
6000,3760,4562
6160,3760,3145
6320,3760,4419
6480,3760,3169
6640,3760,4840
6800,3760,6085
6960,3760,5597
7120,3760,5735
7280,3760,6994
7440,3760,5709
7600,3760,3214
7760,3760,4879
7920,3760,4388
8080,3760,6633
8240,3760,7529
8400,3760,7055
8560,3760,4505
8720,3760,4364
8880,3760,4936
9040,3760,5122
9200,3760,6337
9360,3760,6293
9520,3760,5209
9680,3760,5543
9840,3760,7169
10000,3760,7305
80,3920,4174
240,3920,4987
400,3920,5220
560,3920,6120
720,3920,7137
880,3920,7570
1040,3920,7029
1200,3920,8057
1360,3920,7846
1520,3920,8392
1680,3920,7075
1840,3920,5951
2000,3920,4960
2160,3920,3532
2320,3920,2933
2480,3920,4473
2640,3920,7353
2800,3920,7334
2960,3920,7957
3120,3920,7644
3280,3920,7398
3440,3920,7303
3600,3920,8706
3760,3920,7061
3920,3920,6220
4080,3920,6694
4240,3920,6699
4400,3920,6169
4560,3920,5069
4720,3920,7249
4880,3920,9775
5040,3920,10509
5200,3920,7758
5360,3920,6803
5520,3920,5635
5680,3920,5697
5840,3920,5242
6000,3920,4963
6160,3920,6123
6320,3920,5468
6480,3920,4208
6640,3920,6585
6800,3920,7323
6960,3920,5723
7120,3920,6034
7280,3920,7014
7440,3920,4995
7600,3920,3396
7760,3920,3483
7920,3920,4308
8080,3920,5088
8240,3920,4541
8400,3920,7300
8560,3920,4438
8720,3920,4595
8880,3920,5005
9040,3920,5267
9200,3920,6384
9360,3920,5119
9520,3920,5083
9680,3920,5194
9840,3920,6184
10000,3920,6197
80,4080,5546
240,4080,4434
400,4080,5355
560,4080,6078
720,4080,7182
880,4080,6912
1040,4080,7705
1200,4080,9854
1360,4080,8531
1520,4080,8004
1680,4080,7040
1840,4080,5572
2000,4080,5573
2160,4080,3959
2320,4080,4014
2480,4080,5275
2640,4080,7028
2800,4080,7855
2960,4080,8327
3120,4080,8250
3280,4080,7138
3440,4080,8253
3600,4080,9386
3760,4080,7119
3920,4080,6493
4080,4080,6317
4240,4080,6833
4400,4080,7259
4560,4080,6664
4720,4080,6816
4880,4080,10203
5040,4080,9909
5200,4080,8295
5360,4080,7572
5520,4080,7133
5680,4080,7290
5840,4080,6211
6000,4080,5642
6160,4080,7652
6320,4080,6484
6480,4080,5494
6640,4080,10244
6800,4080,8928
6960,4080,6052
7120,4080,4773
7280,4080,7332
7440,4080,4962
7600,4080,3599
7760,4080,4006
7920,4080,3080
8080,4080,5142
8240,4080,4264
8400,4080,6311
8560,4080,4125
8720,4080,5511
8880,4080,5855
9040,4080,5559
9200,4080,6473
9360,4080,4662
9520,4080,5504
9680,4080,5180
9840,4080,6824
10000,4080,6232
80,4240,5056
240,4240,3742
400,4240,4352
560,4240,6697
720,4240,7186
880,4240,7444
1040,4240,7778
1200,4240,8899
1360,4240,8389
1520,4240,7243
1680,4240,6243
1840,4240,7240
2000,4240,7168
2160,4240,5344
2320,4240,3776
2480,4240,4420
2640,4240,6816
2800,4240,8705
2960,4240,9484
3120,4240,8169
3280,4240,8620
3440,4240,9872
3600,4240,8562
3760,4240,8125
3920,4240,6191
4080,4240,6490
4240,4240,6680
4400,4240,6165
4560,4240,6712
4720,4240,7932
4880,4240,9104
5040,4240,9614
5200,4240,7418
5360,4240,6952
5520,4240,6376
5680,4240,6565
5840,4240,6453
6000,4240,5312
6160,4240,5988
6320,4240,9174
6480,4240,6780
6640,4240,12941
6800,4240,10736
6960,4240,7191
7120,4240,6401
7280,4240,8022
7440,4240,6715
7600,4240,4564
7760,4240,4537
7920,4240,4486
8080,4240,4819
8240,4240,4746
8400,4240,5485
8560,4240,4590
8720,4240,5857
8880,4240,5889
9040,4240,5612
9200,4240,5865
9360,4240,3779
9520,4240,6925
9680,4240,5972
9840,4240,6396
10000,4240,6048
80,4400,4868
240,4400,4002
400,4400,4809
560,4400,6279
720,4400,6575
880,4400,8223
1040,4400,9469
1200,4400,8896
1360,4400,7649
1520,4400,6385
1680,4400,6289
1840,4400,6993
2000,4400,7080
2160,4400,6503
2320,4400,4595
2480,4400,4219
2640,4400,6358
2800,4400,7205
2960,4400,8584
3120,4400,7531
3280,4400,10374
3440,4400,9211
3600,4400,7941
3760,4400,8469
3920,4400,5742
4080,4400,7407
4240,4400,6509
4400,4400,5746
4560,4400,7884
4720,4400,7755
4880,4400,8361
5040,4400,8733
5200,4400,8709
5360,4400,6574
5520,4400,5856
5680,4400,5753
5840,4400,5106
6000,4400,5066
6160,4400,7523
6320,4400,9222
6480,4400,7796
6640,4400,12838
6800,4400,11175
6960,4400,9023
7120,4400,7546
7280,4400,8911
7440,4400,8242
7600,4400,5649
7760,4400,5115
7920,4400,5814
8080,4400,5567
8240,4400,5467
8400,4400,6308
8560,4400,4624
8720,4400,6982
8880,4400,5481
9040,4400,5696
9200,4400,6444
9360,4400,5945
9520,4400,8069
9680,4400,7773
9840,4400,7396
10000,4400,5979
80,4560,4434
240,4560,5020
400,4560,5050
560,4560,6022
720,4560,6576
880,4560,8562
1040,4560,7909
1200,4560,8740
1360,4560,8182
1520,4560,7007
1680,4560,5727
1840,4560,6574
2000,4560,6216
2160,4560,6287
2320,4560,6275
2480,4560,6136
2640,4560,6818
2800,4560,8423
2960,4560,8558
3120,4560,7826
3280,4560,10214
3440,4560,8756
3600,4560,8020
3760,4560,8527
3920,4560,7048
4080,4560,5929
4240,4560,4980
4400,4560,4668
4560,4560,7547
4720,4560,7705
4880,4560,10160
5040,4560,9735
5200,4560,8292
5360,4560,8103
5520,4560,8147
5680,4560,6717
5840,4560,5462
6000,4560,6102
6160,4560,8735
6320,4560,12516
6480,4560,11669
6640,4560,12608
6800,4560,12767
6960,4560,10632
7120,4560,9305
7280,4560,9232
7440,4560,8156
7600,4560,7018
7760,4560,5612
7920,4560,6675
8080,4560,7284
8240,4560,6579
8400,4560,7890
8560,4560,5003
8720,4560,9505
8880,4560,6225
9040,4560,7251
9200,4560,7058
9360,4560,7187
9520,4560,7764
9680,4560,11024
9840,4560,9590
10000,4560,8061
80,4720,4069
240,4720,5603
400,4720,5643
560,4720,6451
720,4720,7670
880,4720,8141
1040,4720,7744
1200,4720,8555
1360,4720,8422
1520,4720,6400
1680,4720,6143
1840,4720,6514
2000,4720,6267
2160,4720,5539
2320,4720,5519
2480,4720,6201
2640,4720,5563
2800,4720,8049
2960,4720,9423
3120,4720,8599
3280,4720,9876
3440,4720,8891
3600,4720,6992
3760,4720,7798
3920,4720,7116
4080,4720,4858
4240,4720,3627
4400,4720,2946
4560,4720,5438
4720,4720,6729
4880,4720,8813
5040,4720,9993
5200,4720,9887
5360,4720,10056
5520,4720,7616
5680,4720,6333
5840,4720,6734
6000,4720,7126
6160,4720,8963
6320,4720,11416
6480,4720,9996
6640,4720,11689
6800,4720,14107
6960,4720,12821
7120,4720,9155
7280,4720,10393
7440,4720,10570
7600,4720,8743
7760,4720,6365
7920,4720,6617
8080,4720,7147
8240,4720,7952
8400,4720,9700
8560,4720,7791
8720,4720,11058
8880,4720,8291
9040,4720,9598
9200,4720,7994
9360,4720,8618
9520,4720,11746
9680,4720,11945
9840,4720,11600
10000,4720,9547
80,4880,4563
240,4880,4939
400,4880,5005
560,4880,6175
720,4880,7707
880,4880,9100
1040,4880,8458
1200,4880,9610
1360,4880,8877
1520,4880,6716
1680,4880,5975
1840,4880,5998
2000,4880,7092
2160,4880,6122
2320,4880,5993
2480,4880,5030
2640,4880,4681
2800,4880,5984
2960,4880,8993
3120,4880,8602
3280,4880,9086
3440,4880,7647
3600,4880,7600
3760,4880,7546
3920,4880,6666
4080,4880,4323
4240,4880,3448
4400,4880,3989
4560,4880,5186
4720,4880,6313
4880,4880,8256
5040,4880,8442
5200,4880,8554
5360,4880,10079
5520,4880,9728
5680,4880,7116
5840,4880,6920
6000,4880,8902
6160,4880,12088
6320,4880,13241
6480,4880,11055
6640,4880,11871
6800,4880,13338
6960,4880,12587
7120,4880,11768
7280,4880,11016
7440,4880,11210
7600,4880,10086
7760,4880,6770
7920,4880,7272
8080,4880,7798
8240,4880,9672
8400,4880,10734
8560,4880,10218
8720,4880,10226
8880,4880,8556
9040,4880,10017
9200,4880,10958
9360,4880,9955
9520,4880,12284
9680,4880,12436
9840,4880,12775
10000,4880,9132
80,5040,3753
240,5040,3695
400,5040,4984
560,5040,5962
720,5040,5896
880,5040,6860
1040,5040,6924
1200,5040,7799
1360,5040,8255
1520,5040,6094
1680,5040,6193
1840,5040,5677
2000,5040,6129
2160,5040,6217
2320,5040,5771
2480,5040,5788
2640,5040,4573
2800,5040,6025
2960,5040,9957
3120,5040,9827
3280,5040,9268
3440,5040,7305
3600,5040,7265
3760,5040,7591
3920,5040,6951
4080,5040,4992
4240,5040,4898
4400,5040,6125
4560,5040,6357
4720,5040,8158
4880,5040,8107
5040,5040,9839
5200,5040,10877
5360,5040,11025
5520,5040,10232
5680,5040,9525
5840,5040,9257
6000,5040,11100
6160,5040,12025
6320,5040,13156
6480,5040,12020
6640,5040,12897
6800,5040,13261
6960,5040,12305
7120,5040,12572
7280,5040,11076
7440,5040,10104
7600,5040,10107
7760,5040,6984
7920,5040,9210
8080,5040,8292
8240,5040,11026
8400,5040,10510
8560,5040,10245
8720,5040,11568
8880,5040,11109
9040,5040,10714
9200,5040,12220
9360,5040,9589
9520,5040,11645
9680,5040,10502
9840,5040,11764
10000,5040,9867
80,5200,3689
240,5200,4095
400,5200,5517
560,5200,5955
720,5200,5965
880,5200,5765
1040,5200,5949
1200,5200,7374
1360,5200,7049
1520,5200,6374
1680,5200,6410
1840,5200,5566
2000,5200,6457
2160,5200,8019
2320,5200,8083
2480,5200,5365
2640,5200,3890
2800,5200,5598
2960,5200,9943
3120,5200,10020
3280,5200,9607
3440,5200,7254
3600,5200,7196
3760,5200,6669
3920,5200,5790
4080,5200,6226
4240,5200,5908
4400,5200,7460
4560,5200,6366
4720,5200,9497
4880,5200,9877
5040,5200,11575
5200,5200,12468
5360,5200,11541
5520,5200,9976
5680,5200,11021
5840,5200,10335
6000,5200,12395
6160,5200,12727
6320,5200,12791
6480,5200,11115
6640,5200,11743
6800,5200,12106
6960,5200,11883
7120,5200,12729
7280,5200,11246
7440,5200,9770
7600,5200,10769
7760,5200,10623
7920,5200,11556
8080,5200,10394
8240,5200,13671
8400,5200,10679
8560,5200,10998
8720,5200,10933
8880,5200,10839
9040,5200,10228
9200,5200,10742
9360,5200,10076
9520,5200,9773
9680,5200,8663
9840,5200,9750
10000,5200,9226
80,5360,3697
240,5360,3982
400,5360,4807
560,5360,6128
720,5360,7074
880,5360,6640
1040,5360,6149
1200,5360,5933
1360,5360,7423
1520,5360,6766
1680,5360,7297
1840,5360,5076
2000,5360,6504
2160,5360,7329
2320,5360,7958
2480,5360,5296
2640,5360,4435
2800,5360,5358
2960,5360,8754
3120,5360,7912
3280,5360,8360
3440,5360,5818
3600,5360,6177
3760,5360,5640
3920,5360,6171
4080,5360,6738
4240,5360,7982
4400,5360,9045
4560,5360,6952
4720,5360,8832
4880,5360,9524
5040,5360,10175
5200,5360,10680
5360,5360,9569
5520,5360,9904
5680,5360,11575
5840,5360,11349
6000,5360,12589
6160,5360,12276
6320,5360,13038
6480,5360,11563
6640,5360,11517
6800,5360,12284
6960,5360,11811
7120,5360,12531
7280,5360,12239
7440,5360,12206
7600,5360,12332
7760,5360,12096
7920,5360,11630
8080,5360,11959
8240,5360,13662
8400,5360,12452
8560,5360,10835
8720,5360,10683
8880,5360,10132
9040,5360,11320
9200,5360,11185
9360,5360,9699
9520,5360,9794
9680,5360,8927
9840,5360,9156
10000,5360,9067
80,5520,3724
240,5520,3941
400,5520,5508
560,5520,7212
720,5520,7321
880,5520,6852
1040,5520,5852
1200,5520,6664
1360,5520,6989
1520,5520,6799
1680,5520,6346
1840,5520,5833
2000,5520,6552
2160,5520,6074
2320,5520,6617
2480,5520,5269
2640,5520,4741
2800,5520,5610
2960,5520,7513
3120,5520,7265
3280,5520,6638
3440,5520,5423
3600,5520,5930
3760,5520,5371
3920,5520,5606
4080,5520,5950
4240,5520,6556
4400,5520,6858
4560,5520,6231
4720,5520,9461
4880,5520,11727
5040,5520,10133
5200,5520,9511
5360,5520,9522
5520,5520,10479
5680,5520,11097
5840,5520,11202
6000,5520,11927
6160,5520,12589
6320,5520,14510
6480,5520,13474
6640,5520,11772
6800,5520,12316
6960,5520,12613
7120,5520,13193
7280,5520,11531
7440,5520,11425
7600,5520,11989
7760,5520,9917
7920,5520,11091
8080,5520,12227
8240,5520,13327
8400,5520,12442
8560,5520,10772
8720,5520,10122
8880,5520,10519
9040,5520,10254
9200,5520,11813
9360,5520,9718
9520,5520,8750
9680,5520,8477
9840,5520,8893
10000,5520,9037
80,5680,3825
240,5680,5148
400,5680,5839
560,5680,6743
720,5680,6682
880,5680,6008
1040,5680,6131
1200,5680,5896
1360,5680,5708
1520,5680,6336
1680,5680,7934
1840,5680,7002
2000,5680,7298
2160,5680,6185
2320,5680,6613
2480,5680,5406
2640,5680,4597
2800,5680,4690
2960,5680,5326
3120,5680,5464
3280,5680,5867
3440,5680,6299
3600,5680,5874
3760,5680,5509
3920,5680,5380
4080,5680,5733
4240,5680,6159
4400,5680,6302
4560,5680,6322
4720,5680,7094
4880,5680,10692
5040,5680,9786
5200,5680,9239
5360,5680,9330
5520,5680,9475
5680,5680,8781
5840,5680,10637
6000,5680,11742
6160,5680,13117
6320,5680,14594
6480,5680,14016
6640,5680,13173
6800,5680,13276
6960,5680,12896
7120,5680,11945
7280,5680,11553
7440,5680,10631
7600,5680,12110
7760,5680,10617
7920,5680,12130
8080,5680,12975
8240,5680,12494
8400,5680,10795
8560,5680,9752
8720,5680,9297
8880,5680,10239
9040,5680,10212
9200,5680,11074
9360,5680,9555
9520,5680,9698
9680,5680,8400
9840,5680,8547
10000,5680,8398
80,5840,4712
240,5840,5151
400,5840,5619
560,5840,6834
720,5840,7111
880,5840,6328
1040,5840,5713
1200,5840,5790
1360,5840,6777
1520,5840,7661
1680,5840,7881
1840,5840,7546
2000,5840,7906
2160,5840,6934
2320,5840,6961
2480,5840,5167
2640,5840,5759
2800,5840,4729
2960,5840,5702
3120,5840,6536
3280,5840,6651
3440,5840,5722
3600,5840,6100
3760,5840,7555
3920,5840,5093
4080,5840,6337
4240,5840,7458
4400,5840,7263
4560,5840,7497
4720,5840,9252
4880,5840,10576
5040,5840,9506
5200,5840,8598
5360,5840,8644
5520,5840,10192
5680,5840,9013
5840,5840,10283
6000,5840,11279
6160,5840,13524
6320,5840,14188
6480,5840,12933
6640,5840,13957
6800,5840,14340
6960,5840,11751
7120,5840,11510
7280,5840,11234
7440,5840,12372
7600,5840,12833
7760,5840,10626
7920,5840,11803
8080,5840,12034
8240,5840,10490
8400,5840,10803
8560,5840,10546
8720,5840,9504
8880,5840,10237
9040,5840,10798
9200,5840,10585
9360,5840,9830
9520,5840,10057
9680,5840,10585
9840,5840,10243
10000,5840,9652
80,6000,4240
240,6000,4664
400,6000,4786
560,6000,6171
720,6000,6153
880,6000,6758
1040,6000,5723
1200,6000,6165
1360,6000,7062
1520,6000,7623
1680,6000,7653
1840,6000,6981
2000,6000,7656
2160,6000,6009
2320,6000,6223
2480,6000,4823
2640,6000,4641
2800,6000,4124
2960,6000,5592
3120,6000,5633
3280,6000,5541
3440,6000,4668
3600,6000,5576
3760,6000,7208
3920,6000,5795
4080,6000,7186
4240,6000,8448
4400,6000,9399
4560,6000,9630
4720,6000,10036
4880,6000,10809
5040,6000,9168
5200,6000,8091
5360,6000,8020
5520,6000,9839
5680,6000,10178
5840,6000,10035
6000,6000,11226
6160,6000,12264
6320,6000,13573
6480,6000,13097
6640,6000,13229
6800,6000,13759
6960,6000,11022
7120,6000,9734
7280,6000,9988
7440,6000,11432
7600,6000,11894
7760,6000,10769
7920,6000,10418
8080,6000,11576
8240,6000,11319
8400,6000,11503
8560,6000,10840
8720,6000,9884
8880,6000,10511
9040,6000,11481
9200,6000,11143
9360,6000,10395
9520,6000,11208
9680,6000,12013
9840,6000,11474
10000,6000,10325
80,6160,4917
240,6160,4924
400,6160,5365
560,6160,5891
720,6160,6295
880,6160,6709
1040,6160,6116
1200,6160,6057
1360,6160,7059
1520,6160,7133
1680,6160,6965
1840,6160,7453
2000,6160,6921
2160,6160,6821
2320,6160,7461
2480,6160,4273
2640,6160,4472
2800,6160,4628
2960,6160,5621
3120,6160,8136
3280,6160,6652
3440,6160,5806
3600,6160,6724
3760,6160,7457
3920,6160,6406
4080,6160,7441
4240,6160,12121
4400,6160,10530
4560,6160,9326
4720,6160,10385
4880,6160,10596
5040,6160,10022
5200,6160,9635
5360,6160,9039
5520,6160,9762
5680,6160,10202
5840,6160,9691
6000,6160,10731
6160,6160,12296
6320,6160,13700
6480,6160,13987
6640,6160,12906
6800,6160,11823
6960,6160,10702
7120,6160,8885
7280,6160,9461
7440,6160,11466
7600,6160,12315
7760,6160,10677
7920,6160,11339
8080,6160,12501
8240,6160,11692
8400,6160,12250
8560,6160,10922
8720,6160,10769
8880,6160,11911
9040,6160,11407
9200,6160,12003
9360,6160,12282
9520,6160,12809
9680,6160,12349
9840,6160,12294
10000,6160,9985
80,6320,5696
240,6320,5097
400,6320,5550
560,6320,5748
720,6320,6915
880,6320,6466
1040,6320,6779
1200,6320,7080
1360,6320,7115
1520,6320,7721
1680,6320,7071
1840,6320,7087
2000,6320,8207
2160,6320,8414
2320,6320,8306
2480,6320,5014
2640,6320,5389
2800,6320,6546
2960,6320,7149
3120,6320,7172
3280,6320,7103
3440,6320,5815
3600,6320,7519
3760,6320,7104
3920,6320,6172
4080,6320,8521
4240,6320,10263
4400,6320,10470
4560,6320,9779
4720,6320,9548
4880,6320,10098
5040,6320,10777
5200,6320,9934
5360,6320,9726
5520,6320,9269
5680,6320,8706
5840,6320,9891
6000,6320,10796
6160,6320,10863
6320,6320,12573
6480,6320,12988
6640,6320,11952
6800,6320,10825
6960,6320,9651
7120,6320,9270
7280,6320,10834
7440,6320,11836
7600,6320,11295
7760,6320,10146
7920,6320,12493
8080,6320,13838
8240,6320,13545
8400,6320,13657
8560,6320,11498
8720,6320,11961
8880,6320,13941
9040,6320,12262
9200,6320,11943
9360,6320,12767
9520,6320,12721
9680,6320,12432
9840,6320,12346
10000,6320,10518
80,6480,5729
240,6480,6911
400,6480,6257
560,6480,5774
720,6480,6110
880,6480,5967
1040,6480,5820
1200,6480,7028
1360,6480,7071
1520,6480,6792
1680,6480,8352
1840,6480,7261
2000,6480,7571
2160,6480,7236
2320,6480,7245
2480,6480,6701
2640,6480,6313
2800,6480,6850
2960,6480,8457
3120,6480,7465
3280,6480,8098
3440,6480,6703
3600,6480,7274
3760,6480,7197
3920,6480,6686
4080,6480,10354
4240,6480,10849
4400,6480,12071
4560,6480,11605
4720,6480,10154
4880,6480,9727
5040,6480,11076
5200,6480,9044
5360,6480,8478
5520,6480,8249
5680,6480,7991
5840,6480,9803
6000,6480,11239
6160,6480,11069
6320,6480,12708
6480,6480,12057
6640,6480,11478
6800,6480,10324
6960,6480,9780
7120,6480,10962
7280,6480,11975
7440,6480,13147
7600,6480,12904
7760,6480,12631
7920,6480,11472
8080,6480,13443
8240,6480,12347
8400,6480,13204
8560,6480,11574
8720,6480,12980
8880,6480,13166
9040,6480,12438
9200,6480,13896
9360,6480,13861
9520,6480,12557
9680,6480,12154
9840,6480,11726
10000,6480,10680
80,6640,6109
240,6640,6938
400,6640,5720
560,6640,5982
720,6640,6856
880,6640,7129
1040,6640,6571
1200,6640,7681
1360,6640,7373
1520,6640,7726
1680,6640,7518
1840,6640,7108
2000,6640,7646
2160,6640,7928
2320,6640,7274
2480,6640,7681
2640,6640,7480
2800,6640,6680
2960,6640,9049
3120,6640,7379
3280,6640,8130
3440,6640,8597
3600,6640,5639
3760,6640,6101
3920,6640,6240
4080,6640,8829
4240,6640,12541
4400,6640,11363
4560,6640,11435
4720,6640,8669
4880,6640,10193
5040,6640,11274
5200,6640,8747
5360,6640,8294
5520,6640,7990
5680,6640,7859
5840,6640,11188
6000,6640,12393
6160,6640,12067
6320,6640,13323
6480,6640,12004
6640,6640,10934
6800,6640,10913
6960,6640,11592
7120,6640,11885
7280,6640,12561
7440,6640,13944
7600,6640,13241
7760,6640,14527
7920,6640,12877
8080,6640,12234
8240,6640,12566
8400,6640,12661
8560,6640,12131
8720,6640,13803
8880,6640,12987
9040,6640,12797
9200,6640,14274
9360,6640,14199
9520,6640,12293
9680,6640,11469
9840,6640,11257
10000,6640,10436
80,6800,5468
240,6800,6723
400,6800,6323
560,6800,6326
720,6800,7535
880,6800,7154
1040,6800,7043
1200,6800,7838
1360,6800,8248
1520,6800,8179
1680,6800,7699
1840,6800,7127
2000,6800,6286
2160,6800,6485
2320,6800,8134
2480,6800,8269
2640,6800,7472
2800,6800,7311
2960,6800,8140
3120,6800,9400
3280,6800,8852
3440,6800,7008
3600,6800,5054
3760,6800,5708
3920,6800,6939
4080,6800,7733
4240,6800,9882
4400,6800,10916
4560,6800,10962
4720,6800,10183
4880,6800,11711
5040,6800,10337
5200,6800,9315
5360,6800,7821
5520,6800,8133
5680,6800,10216
5840,6800,13069
6000,6800,12982
6160,6800,12356
6320,6800,13638
6480,6800,13062
6640,6800,12056
6800,6800,12304
6960,6800,12679
7120,6800,11778
7280,6800,12299
7440,6800,13223
7600,6800,12469
7760,6800,14279
7920,6800,13955
8080,6800,12356
8240,6800,13683
8400,6800,14511
8560,6800,11732
8720,6800,13675
8880,6800,13296
9040,6800,12416
9200,6800,13539
9360,6800,13953
9520,6800,11581
9680,6800,10642
9840,6800,11198
10000,6800,9889
80,6960,5381
240,6960,6972
400,6960,6118
560,6960,6736
720,6960,7963
880,6960,6691
1040,6960,7055
1200,6960,7527
1360,6960,8280
1520,6960,7451
1680,6960,7885
1840,6960,6607
2000,6960,6991
2160,6960,7285
2320,6960,7859
2480,6960,7341
2640,6960,7592
2800,6960,7386
2960,6960,7144
3120,6960,7601
3280,6960,7824
3440,6960,5778
3600,6960,5192
3760,6960,6193
3920,6960,7521
4080,6960,7313
4240,6960,8135
4400,6960,8385
4560,6960,8165
4720,6960,10306
4880,6960,11711
5040,6960,10392
5200,6960,8667
5360,6960,7997
5520,6960,8976
5680,6960,11222
5840,6960,11857
6000,6960,12032
6160,6960,11808
6320,6960,13105
6480,6960,13815
6640,6960,14290
6800,6960,13397
6960,6960,12296
7120,6960,11892
7280,6960,12452
7440,6960,12292
7600,6960,12148
7760,6960,13993
7920,6960,13497
8080,6960,13213
8240,6960,14689
8400,6960,14725
8560,6960,11500
8720,6960,14367
8880,6960,13201
9040,6960,11916
9200,6960,11225
9360,6960,12273
9520,6960,11543
9680,6960,10762
9840,6960,10169
10000,6960,9434
80,7120,6250
240,7120,7074
400,7120,6851
560,7120,6488
720,7120,8358
880,7120,7603
1040,7120,7746
1200,7120,7787
1360,7120,8161
1520,7120,7327
1680,7120,7612
1840,7120,6846
2000,7120,7996
2160,7120,7931
2320,7120,7670
2480,7120,6511
2640,7120,6558
2800,7120,7108
2960,7120,7100
3120,7120,6700
3280,7120,7307
3440,7120,7221
3600,7120,7341
3760,7120,6777
3920,7120,6292
4080,7120,6249
4240,7120,5925
4400,7120,8370
4560,7120,8210
4720,7120,9674
4880,7120,10575
5040,7120,9160
5200,7120,7028
5360,7120,8060
5520,7120,9543
5680,7120,10785
5840,7120,11108
6000,7120,11790
6160,7120,12281
6320,7120,13648
6480,7120,14394
6640,7120,13558
6800,7120,12379
6960,7120,12853
7120,7120,10770
7280,7120,10889
7440,7120,11056
7600,7120,12603
7760,7120,12718
7920,7120,13680
8080,7120,12357
8240,7120,13052
8400,7120,13336
8560,7120,12014
8720,7120,14060
8880,7120,12957
9040,7120,11208
9200,7120,10804
9360,7120,11102
9520,7120,11094
9680,7120,10387
9840,7120,9030
10000,7120,8736
80,7280,5635
240,7280,6794
400,7280,7059
560,7280,7766
720,7280,9158
880,7280,7964
1040,7280,7449
1200,7280,7638
1360,7280,6948
1520,7280,7734
1680,7280,8059
1840,7280,7055
2000,7280,7295
2160,7280,7926
2320,7280,8604
2480,7280,6923
2640,7280,7226
2800,7280,6698
2960,7280,7157
3120,7280,6384
3280,7280,7006
3440,7280,7189
3600,7280,5352
3760,7280,5227
3920,7280,6441
4080,7280,5965
4240,7280,6538
4400,7280,8555
4560,7280,8385
4720,7280,9325
4880,7280,10349
5040,7280,9228
5200,7280,7416
5360,7280,8515
5520,7280,9755
5680,7280,9698
5840,7280,9815
6000,7280,11611
6160,7280,13402
6320,7280,12737
6480,7280,13293
6640,7280,12747
6800,7280,11492
6960,7280,11292
7120,7280,9739
7280,7280,9875
7440,7280,9900
7600,7280,11288
7760,7280,11580
7920,7280,12004
8080,7280,10933
8240,7280,12081
8400,7280,12585
8560,7280,10024
8720,7280,11784
8880,7280,11841
9040,7280,10590
9200,7280,10591
9360,7280,10585
9520,7280,10542
9680,7280,10335
9840,7280,8915
10000,7280,9148
80,7440,5736
240,7440,6642
400,7440,6470
560,7440,6809
720,7440,8060
880,7440,7764
1040,7440,7002
1200,7440,7484
1360,7440,7528
1520,7440,7841
1680,7440,8593
1840,7440,7398
2000,7440,7536
2160,7440,6835
2320,7440,7973
2480,7440,6689
2640,7440,6284
2800,7440,6096
2960,7440,5861
3120,7440,5860
3280,7440,5864
3440,7440,5828
3600,7440,6199
3760,7440,5338
3920,7440,7678
4080,7440,5798
4240,7440,6538
4400,7440,10232
4560,7440,10224
4720,7440,11003
4880,7440,11643
5040,7440,9387
5200,7440,8464
5360,7440,8997
5520,7440,8802
5680,7440,8832
5840,7440,9311
6000,7440,10254
6160,7440,10656
6320,7440,10661
6480,7440,11842
6640,7440,11399
6800,7440,10352
6960,7440,9679
7120,7440,8305
7280,7440,9573
7440,7440,9966
7600,7440,11456
7760,7440,11095
7920,7440,11341
8080,7440,10543
8240,7440,11980
8400,7440,11468
8560,7440,9229
8720,7440,11454
8880,7440,11231
9040,7440,10948
9200,7440,10985
9360,7440,11829
9520,7440,10758
9680,7440,11346
9840,7440,10402
10000,7440,10891
80,7600,5847
240,7600,6202
400,7600,6365
560,7600,6858
720,7600,7525
880,7600,7129
1040,7600,6741
1200,7600,7710
1360,7600,6509
1520,7600,6979
1680,7600,7029
1840,7600,7166
2000,7600,6055
2160,7600,5946
2320,7600,6317
2480,7600,5720
2640,7600,6894
2800,7600,6302
2960,7600,6356
3120,7600,6828
3280,7600,5454
3440,7600,5275
3600,7600,5693
3760,7600,5758
3920,7600,4932
4080,7600,5905
4240,7600,7545
4400,7600,9375
4560,7600,9813
4720,7600,10424
4880,7600,10681
5040,7600,8971
5200,7600,8559
5360,7600,9492
5520,7600,9717
5680,7600,8599
5840,7600,9033
6000,7600,9822
6160,7600,9746
6320,7600,9596
6480,7600,10399
6640,7600,10808
6800,7600,9820
6960,7600,9066
7120,7600,8149
7280,7600,10198
7440,7600,9934
7600,7600,10677
7760,7600,10145
7920,7600,10355
8080,7600,10808
8240,7600,10687
8400,7600,10711
8560,7600,10399
8720,7600,11646
8880,7600,10806
9040,7600,11284
9200,7600,11608
9360,7600,12618
9520,7600,10390
9680,7600,10732
9840,7600,10408
10000,7600,10532
80,7760,5266
240,7760,5992
400,7760,6094
560,7760,6568
720,7760,7545
880,7760,7207
1040,7760,6917
1200,7760,7524
1360,7760,6784
1520,7760,7250
1680,7760,6562
1840,7760,7748
2000,7760,6699
2160,7760,8004
2320,7760,6254
2480,7760,6024
2640,7760,5901
2800,7760,5961
2960,7760,6258
3120,7760,6614
3280,7760,5527
3440,7760,6055
3600,7760,4705
3760,7760,4057
3920,7760,5475
4080,7760,4734
4240,7760,7820
4400,7760,8288
4560,7760,9949
4720,7760,9729
4880,7760,8444
5040,7760,7211
5200,7760,8545
5360,7760,9101
5520,7760,8990
5680,7760,9194
5840,7760,8539
6000,7760,9184
6160,7760,9411
6320,7760,8308
6480,7760,9699
6640,7760,10608
6800,7760,8809
6960,7760,8383
7120,7760,8484
7280,7760,9705
7440,7760,9581
7600,7760,9315
7760,7760,9316
7920,7760,10474
8080,7760,9987
8240,7760,8390
8400,7760,10365
8560,7760,10789
8720,7760,12045
8880,7760,11453
9040,7760,11644
9200,7760,11288
9360,7760,11562
9520,7760,9885
9680,7760,8668
9840,7760,9409
10000,7760,9015
80,7920,4741
240,7920,5503
400,7920,6034
560,7920,6369
720,7920,6775
880,7920,8304
1040,7920,7488
1200,7920,7887
1360,7920,6614
1520,7920,7211
1680,7920,6897
1840,7920,7102
2000,7920,5108
2160,7920,5220
2320,7920,4392
2480,7920,5517
2640,7920,5769
2800,7920,5614
2960,7920,6146
3120,7920,5983
3280,7920,4556
3440,7920,5005
3600,7920,4113
3760,7920,4484
3920,7920,6161
4080,7920,6394
4240,7920,9352
4400,7920,8615
4560,7920,10423
4720,7920,6865
4880,7920,6845
5040,7920,7426
5200,7920,7253
5360,7920,7400
5520,7920,7421
5680,7920,8466
5840,7920,9250
6000,7920,8816
6160,7920,10548
6320,7920,9909
6480,7920,10059
6640,7920,10741
6800,7920,8540
6960,7920,9141
7120,7920,9304
7280,7920,8512
7440,7920,9219
7600,7920,9219
7760,7920,8490
7920,7920,8753
8080,7920,8349
8240,7920,8756
8400,7920,9468
8560,7920,9999
8720,7920,9823
8880,7920,10744
9040,7920,10693
9200,7920,10241
9360,7920,9737
9520,7920,8675
9680,7920,8268
9840,7920,9100
10000,7920,7801
80,8080,4658
240,8080,5622
400,8080,6239
560,8080,6163
720,8080,6770
880,8080,7866
1040,8080,7720
1200,8080,6406
1360,8080,5162
1520,8080,6215
1680,8080,5197
1840,8080,6216
2000,8080,5564
2160,8080,5777
2320,8080,4807
2480,8080,6911
2640,8080,5795
2800,8080,5878
2960,8080,6108
3120,8080,6238
3280,8080,4779
3440,8080,5721
3600,8080,5665
3760,8080,4052
3920,8080,5794
4080,8080,6221
4240,8080,8242
4400,8080,7648
4560,8080,8608
4720,8080,7805
4880,8080,7051
5040,8080,7398
5200,8080,7503
5360,8080,7051
5520,8080,7696
5680,8080,9303
5840,8080,8912
6000,8080,8133
6160,8080,10027
6320,8080,10447
6480,8080,9708
6640,8080,9424
6800,8080,7976
6960,8080,8261
7120,8080,8258
7280,8080,8095
7440,8080,8286
7600,8080,9013
7760,8080,8055
7920,8080,8024
8080,8080,8398
8240,8080,9419
8400,8080,9805
8560,8080,8664
8720,8080,8586
8880,8080,9587
9040,8080,9496
9200,8080,8741
9360,8080,8587
9520,8080,8602
9680,8080,8117
9840,8080,8231
10000,8080,7337
80,8240,5438
240,8240,4800
400,8240,5664
560,8240,5629
720,8240,6275
880,8240,7320
1040,8240,6338
1200,8240,6179
1360,8240,6151
1520,8240,5830
1680,8240,4387
1840,8240,5383
2000,8240,4835
2160,8240,6220
2320,8240,5839
2480,8240,6469
2640,8240,5003
2800,8240,5322
2960,8240,5805
3120,8240,5148
3280,8240,3940
3440,8240,4694
3600,8240,4471
3760,8240,4760
3920,8240,5802
4080,8240,6378
4240,8240,7574
4400,8240,7468
4560,8240,8385
4720,8240,7275
4880,8240,6847
5040,8240,8819
5200,8240,7585
5360,8240,7465
5520,8240,8626
5680,8240,9239
5840,8240,9353
6000,8240,9657
6160,8240,10166
6320,8240,9268
6480,8240,10009
6640,8240,8928
6800,8240,8422
6960,8240,8519
7120,8240,8225
7280,8240,8240
7440,8240,8058
7600,8240,8786
7760,8240,8824
7920,8240,7834
8080,8240,9290
8240,8240,9934
8400,8240,9074
8560,8240,8167
8720,8240,9063
8880,8240,10606
9040,8240,10018
9200,8240,8728
9360,8240,8498
9520,8240,7940
9680,8240,7397
9840,8240,7123
10000,8240,6702
80,8400,5584
240,8400,4443
400,8400,5611
560,8400,5630
720,8400,5927
880,8400,5393
1040,8400,4962
1200,8400,5944
1360,8400,5645
1520,8400,6141
1680,8400,5850
1840,8400,5984
2000,8400,5953
2160,8400,5509
2320,8400,6152
2480,8400,5911
2640,8400,5466
2800,8400,5893
2960,8400,5595
3120,8400,4231
3280,8400,5856
3440,8400,6140
3600,8400,4581
3760,8400,4508
3920,8400,5517
4080,8400,5982
4240,8400,7310
4400,8400,6961
4560,8400,8757
4720,8400,6834
4880,8400,7171
5040,8400,8818
5200,8400,8014
5360,8400,8629
5520,8400,8924
5680,8400,8426
5840,8400,10138
6000,8400,9915
6160,8400,8521
6320,8400,8482
6480,8400,7982
6640,8400,8241
6800,8400,7430
6960,8400,7291
7120,8400,7741
7280,8400,8110
7440,8400,7699
7600,8400,8719
7760,8400,7120
7920,8400,7928
8080,8400,8846
8240,8400,8633
8400,8400,7884
8560,8400,8086
8720,8400,8929
8880,8400,9093
9040,8400,8932
9200,8400,7153
9360,8400,7525
9520,8400,7615
9680,8400,7440
9840,8400,6967
10000,8400,7861
80,8560,5537
240,8560,4922
400,8560,6068
560,8560,6030
720,8560,6286
880,8560,6306
1040,8560,5924
1200,8560,5438
1360,8560,4834
1520,8560,5059
1680,8560,4948
1840,8560,6198
2000,8560,6204
2160,8560,5342
2320,8560,6309
2480,8560,5818
2640,8560,6013
2800,8560,5861
2960,8560,4344
3120,8560,5170
3280,8560,6571
3440,8560,6722
3600,8560,6421
3760,8560,5784
3920,8560,6941
4080,8560,6592
4240,8560,7571
4400,8560,8209
4560,8560,11108
4720,8560,9892
4880,8560,8010
5040,8560,8952
5200,8560,7368
5360,8560,8614
5520,8560,8499
5680,8560,8713
5840,8560,9606
6000,8560,8361
6160,8560,7221
6320,8560,8808
6480,8560,7415
6640,8560,7814
6800,8560,7118
6960,8560,7126
7120,8560,6907
7280,8560,7318
7440,8560,7846
7600,8560,9106
7760,8560,8191
7920,8560,8140
8080,8560,8248
8240,8560,8693
8400,8560,8134
8560,8560,8555
8720,8560,8641
8880,8560,8403
9040,8560,7853
9200,8560,7715
9360,8560,8712
9520,8560,9138
9680,8560,8115
9840,8560,7436
10000,8560,8376
80,8720,4889
240,8720,4337
400,8720,5512
560,8720,6513
720,8720,7222
880,8720,7860
1040,8720,6729
1200,8720,5448
1360,8720,6750
1520,8720,4769
1680,8720,4855
1840,8720,5315
2000,8720,5689
2160,8720,4983
2320,8720,4969
2480,8720,4806
2640,8720,4391
2800,8720,5169
2960,8720,4890
3120,8720,5631
3280,8720,7092
3440,8720,7051
3600,8720,6913
3760,8720,5310
3920,8720,5618
4080,8720,8071
4240,8720,8590
4400,8720,10014
4560,8720,9771
4720,8720,10359
4880,8720,8907
5040,8720,7062
5200,8720,7697
5360,8720,7824
5520,8720,6681
5680,8720,7555
5840,8720,9440
6000,8720,8134
6160,8720,7751
6320,8720,8708
6480,8720,8965
6640,8720,7138
6800,8720,6740
6960,8720,5794
7120,8720,6976
7280,8720,8296
7440,8720,6311
7600,8720,8233
7760,8720,9075
7920,8720,8589
8080,8720,8676
8240,8720,8036
8400,8720,9591
8560,8720,8911
8720,8720,9022
8880,8720,9144
9040,8720,7518
9200,8720,7667
9360,8720,8484
9520,8720,7892
9680,8720,8320
9840,8720,7655
10000,8720,7897
80,8880,4808
240,8880,4896
400,8880,5456
560,8880,6149
720,8880,6636
880,8880,7079
1040,8880,6275
1200,8880,5404
1360,8880,6033
1520,8880,4564
1680,8880,5765
1840,8880,6280
2000,8880,6220
2160,8880,5661
2320,8880,5305
2480,8880,4157
2640,8880,4266
2800,8880,5417
2960,8880,5337
3120,8880,5655
3280,8880,5247
3440,8880,5316
3600,8880,4537
3760,8880,4048
3920,8880,4851
4080,8880,7976
4240,8880,7922
4400,8880,9961
4560,8880,10731
4720,8880,9293
4880,8880,7947
5040,8880,7379
5200,8880,7268
5360,8880,8106
5520,8880,7216
5680,8880,8460
5840,8880,7504
6000,8880,6971
6160,8880,6762
6320,8880,7677
6480,8880,8145
6640,8880,7779
6800,8880,7123
6960,8880,5827
7120,8880,4905
7280,8880,7823
7440,8880,7257
7600,8880,7703
7760,8880,7701
7920,8880,8226
8080,8880,7630
8240,8880,8042
8400,8880,8144
8560,8880,7205
8720,8880,9588
8880,8880,9342
9040,8880,8860
9200,8880,6787
9360,8880,7393
9520,8880,7520
9680,8880,8266
9840,8880,7815
10000,8880,6639
80,9040,5050
240,9040,4649
400,9040,4252
560,9040,4928
720,9040,5934
880,9040,6113
1040,9040,5886
1200,9040,4657
1360,9040,4885
1520,9040,4802
1680,9040,7590
1840,9040,5987
2000,9040,6575
2160,9040,5560
2320,9040,5547
2480,9040,5402
2640,9040,4314
2800,9040,5841
2960,9040,5443
3120,9040,5057
3280,9040,6123
3440,9040,6104
3600,9040,5602
3760,9040,3514
3920,9040,5045
4080,9040,7189
4240,9040,8283
4400,9040,11622
4560,9040,10884
4720,9040,9059
4880,9040,8607
5040,9040,6823
5200,9040,6988
5360,9040,6226
5520,9040,7817
5680,9040,8343
5840,9040,6900
6000,9040,6603
6160,9040,7361
6320,9040,7152
6480,9040,7806
6640,9040,6581
6800,9040,6367
6960,9040,5435
7120,9040,4905
7280,9040,6585
7440,9040,6755
7600,9040,6057
7760,9040,8140
7920,9040,6931
8080,9040,5381
8240,9040,6169
8400,9040,7624
8560,9040,6571
8720,9040,7267
8880,9040,8245
9040,9040,8619
9200,9040,6517
9360,9040,6537
9520,9040,6988
9680,9040,7297
9840,9040,6732
10000,9040,5757
80,9200,4481
240,9200,4749
400,9200,5430
560,9200,6169
720,9200,5014
880,9200,4602
1040,9200,5247
1200,9200,6082
1360,9200,5362
1520,9200,5782
1680,9200,6367
1840,9200,6320
2000,9200,6811
2160,9200,5133
2320,9200,5132
2480,9200,4492
2640,9200,4865
2800,9200,4973
2960,9200,4351
3120,9200,5304
3280,9200,5558
3440,9200,5175
3600,9200,4724
3760,9200,2944
3920,9200,6461
4080,9200,6854
4240,9200,8615
4400,9200,11398
4560,9200,12332
4720,9200,10372
4880,9200,10925
5040,9200,7793
5200,9200,6708
5360,9200,7299
5520,9200,7047
5680,9200,7231
5840,9200,7127
6000,9200,8266
6160,9200,8997
6320,9200,7473
6480,9200,7569
6640,9200,7329
6800,9200,6545
6960,9200,5703
7120,9200,4740
7280,9200,6745
7440,9200,6590
7600,9200,7695
7760,9200,7378
7920,9200,6478
8080,9200,6329
8240,9200,5425
8400,9200,8899
8560,9200,7205
8720,9200,8206
8880,9200,8980
9040,9200,8167
9200,9200,7933
9360,9200,7183
9520,9200,6678
9680,9200,6559
9840,9200,6752
10000,9200,6265
80,9360,4234
240,9360,5098
400,9360,5850
560,9360,5170
720,9360,4961
880,9360,4527
1040,9360,5216
1200,9360,5112
1360,9360,4549
1520,9360,5550
1680,9360,4933
1840,9360,5600
2000,9360,6043
2160,9360,5089
2320,9360,5801
2480,9360,4198
2640,9360,3948
2800,9360,4835
2960,9360,4261
3120,9360,4467
3280,9360,6474
3440,9360,5479
3600,9360,4634
3760,9360,5486
3920,9360,6462
4080,9360,7918
4240,9360,10205
4400,9360,10789
4560,9360,13203
4720,9360,12352
4880,9360,9259
5040,9360,8432
5200,9360,7211
5360,9360,7733
5520,9360,6079
5680,9360,5902
5840,9360,6487
6000,9360,8517
6160,9360,7671
6320,9360,6610
6480,9360,5984
6640,9360,5642
6800,9360,5182
6960,9360,4589
7120,9360,5622
7280,9360,5691
7440,9360,6240
7600,9360,7296
7760,9360,7836
7920,9360,7721
8080,9360,6732
8240,9360,7032
8400,9360,8623
8560,9360,8666
8720,9360,9209
8880,9360,9739
9040,9360,8556
9200,9360,6824
9360,9360,6740
9520,9360,5581
9680,9360,5913
9840,9360,6852
10000,9360,5935
80,9520,4590
240,9520,5364
400,9520,5901
560,9520,5474
720,9520,5078
880,9520,4618
1040,9520,5250
1200,9520,6815
1360,9520,4709
1520,9520,4286
1680,9520,4494
1840,9520,5586
2000,9520,6634
2160,9520,4612
2320,9520,6010
2480,9520,4877
2640,9520,5288
2800,9520,4664
2960,9520,4984
3120,9520,7017
3280,9520,5984
3440,9520,5090
3600,9520,3562
3760,9520,5907
3920,9520,5900
4080,9520,6553
4240,9520,8046
4400,9520,8483
4560,9520,11694
4720,9520,10627
4880,9520,9065
5040,9520,10383
5200,9520,9534
5360,9520,7549
5520,9520,6951
5680,9520,7392
5840,9520,6881
6000,9520,6869
6160,9520,7577
6320,9520,6363
6480,9520,5886
6640,9520,5897
6800,9520,4554
6960,9520,4379
7120,9520,5278
7280,9520,6802
7440,9520,7050
7600,9520,7067
7760,9520,7946
7920,9520,8500
8080,9520,7354
8240,9520,7553
8400,9520,8020
8560,9520,7394
8720,9520,6798
8880,9520,7615
9040,9520,7344
9200,9520,6686
9360,9520,6289
9520,9520,5263
9680,9520,5444
9840,9520,6605
10000,9520,5715
80,9680,4473
240,9680,5510
400,9680,6399
560,9680,6311
720,9680,5712
880,9680,4579
1040,9680,4860
1200,9680,6053
1360,9680,4796
1520,9680,5052
1680,9680,4772
1840,9680,5732
2000,9680,5704
2160,9680,6117
2320,9680,6184
2480,9680,6206
2640,9680,6168
2800,9680,6150
2960,9680,5008
3120,9680,6735
3280,9680,5843
3440,9680,6945
3600,9680,5085
3760,9680,5698
3920,9680,5167
4080,9680,5816
4240,9680,7003
4400,9680,6604
4560,9680,10862
4720,9680,9489
4880,9680,9824
5040,9680,10693
5200,9680,9770
5360,9680,8405
5520,9680,8258
5680,9680,8687
5840,9680,7807
6000,9680,6022
6160,9680,7076
6320,9680,6588
6480,9680,5743
6640,9680,6401
6800,9680,4942
6960,9680,5274
7120,9680,6588
7280,9680,8067
7440,9680,7948
7600,9680,7660
7760,9680,6702
7920,9680,8572
8080,9680,7339
8240,9680,6857
8400,9680,6315
8560,9680,6082
8720,9680,6152
8880,9680,7708
9040,9680,8529
9200,9680,7831
9360,9680,6804
9520,9680,6594
9680,9680,6432
9840,9680,6702
10000,9680,6172
80,9840,4875
240,9840,4079
400,9840,4344
560,9840,4765
720,9840,4956
880,9840,4606
1040,9840,4623
1200,9840,6190
1360,9840,4798
1520,9840,4529
1680,9840,5184
1840,9840,6440
2000,9840,4759
2160,9840,7682
2320,9840,6683
2480,9840,7207
2640,9840,5346
2800,9840,5904
2960,9840,4762
3120,9840,6555
3280,9840,6663
3440,9840,5181
3600,9840,4543
3760,9840,6056
3920,9840,5560
4080,9840,5085
4240,9840,6004
4400,9840,6776
4560,9840,8417
4720,9840,8977
4880,9840,10131
5040,9840,10097
5200,9840,10482
5360,9840,9001
5520,9840,10047
5680,9840,9759
5840,9840,9388
6000,9840,7166
6160,9840,7304
6320,9840,6224
6480,9840,4742
6640,9840,7703
6800,9840,6552
6960,9840,6715
7120,9840,7245
7280,9840,7981
7440,9840,8257
7600,9840,6488
7760,9840,5801
7920,9840,7395
8080,9840,6907
8240,9840,6816
8400,9840,5680
8560,9840,5778
8720,9840,5751
8880,9840,7473
9040,9840,8639
9200,9840,8776
9360,9840,7788
9520,9840,7188
9680,9840,7379
9840,9840,6902
10000,9840,7485
80,10000,4620
240,10000,3733
400,10000,4296
560,10000,4508
720,10000,5415
880,10000,5742
1040,10000,5386
1200,10000,5805
1360,10000,5231
1520,10000,5444
1680,10000,6666
1840,10000,6011
2000,10000,5702
2160,10000,7172
2320,10000,7256
2480,10000,7999
2640,10000,4232
2800,10000,6708
2960,10000,6344
3120,10000,6334
3280,10000,6125
3440,10000,4986
3600,10000,3498
3760,10000,6677
3920,10000,5291
4080,10000,5475
4240,10000,6494
4400,10000,6638
4560,10000,9076
4720,10000,8631
4880,10000,10415
5040,10000,9018
5200,10000,10093
5360,10000,10184
5520,10000,11660
5680,10000,9341
5840,10000,9211
6000,10000,8595
6160,10000,7381
6320,10000,6093
6480,10000,5552
6640,10000,7427
6800,10000,7667
6960,10000,7036
7120,10000,6747
7280,10000,6908
7440,10000,6764
7600,10000,6330
7760,10000,5384
7920,10000,5879
8080,10000,5714
8240,10000,6993
8400,10000,6619
8560,10000,6485
8720,10000,5621
8880,10000,7350
9040,10000,8521
9200,10000,8095
9360,10000,7534
9520,10000,6970
9680,10000,7145
9840,10000,7482
10000,10000,6931
80,10160,4222
240,10160,3922
400,10160,5023
560,10160,5164
720,10160,6258
880,10160,5807
1040,10160,5638
1200,10160,5427
1360,10160,4007
1520,10160,4967
1680,10160,6023
1840,10160,5258
2000,10160,5207
2160,10160,7175
2320,10160,8196
2480,10160,8627
2640,10160,6073
2800,10160,7297
2960,10160,6881
3120,10160,5817
3280,10160,5331
3440,10160,4732
3600,10160,3700
3760,10160,6480
3920,10160,5630
4080,10160,6102
4240,10160,6536
4400,10160,7109
4560,10160,8032
4720,10160,6917
4880,10160,9482
5040,10160,9506
5200,10160,9716
5360,10160,10831
5520,10160,11691
5680,10160,8710
5840,10160,8147
6000,10160,8119
6160,10160,7804
6320,10160,6161
6480,10160,5754
6640,10160,6491
6800,10160,7279
6960,10160,6035
7120,10160,6623
7280,10160,6702
7440,10160,6607
7600,10160,6096
7760,10160,5470
7920,10160,4558
8080,10160,4152
8240,10160,5922
8400,10160,6471
8560,10160,5161
8720,10160,4839
8880,10160,5712
9040,10160,7095
9200,10160,6907
9360,10160,7326
9520,10160,6304
9680,10160,7049
9840,10160,7040
10000,10160,5808
80,10320,4679
240,10320,4750
400,10320,4801
560,10320,5010
720,10320,6733
880,10320,5533
1040,10320,5467
1200,10320,6312
1360,10320,4903
1520,10320,5450
1680,10320,5613
1840,10320,4811
2000,10320,5651
2160,10320,5306
2320,10320,7128
2480,10320,8288
2640,10320,5710
2800,10320,5564
2960,10320,5951
3120,10320,5901
3280,10320,6721
3440,10320,4495
3600,10320,4850
3760,10320,5021
3920,10320,5500
4080,10320,7132
4240,10320,5889
4400,10320,6598
4560,10320,6597
4720,10320,5556
4880,10320,8901
5040,10320,7967
5200,10320,8162
5360,10320,10433
5520,10320,9479
5680,10320,7778
5840,10320,8168
6000,10320,7882
6160,10320,7453
6320,10320,6505
6480,10320,5780
6640,10320,4801
6800,10320,6241
6960,10320,5277
7120,10320,6036
7280,10320,7386
7440,10320,6910
7600,10320,6413
7760,10320,5433
7920,10320,3676
8080,10320,3959
8240,10320,5650
8400,10320,5956
8560,10320,5774
8720,10320,4556
8880,10320,5031
9040,10320,6584
9200,10320,5596
9360,10320,6229
9520,10320,5517
9680,10320,5585
9840,10320,6227
10000,10320,5772
